{
    "accuracy": 0.9296875,
    "precision": 0.9910714285714286,
    "recall": 0.8671875,
    "auc": 0.974853515625
}